date_key,reference_date,year,age_code,age_label,population_persons,unit,source_id,input_class,geography,denominator,series_basis
2021,2021-12-31,2021,ALT000,unter 1 Jahr,791254,Anzahl,DESTATIS-12411-0005,official population estimate,Germany,registered resident population at year end,Census 2011 basis
2021,2021-12-31,2021,ALT001,1-Jährige,780795,Anzahl,DESTATIS-12411-0005,official population estimate,Germany,registered resident population at year end,Census 2011 basis
2021,2021-12-31,2021,ALT002,2-Jährige,789145,Anzahl,DESTATIS-12411-0005,official population estimate,Germany,registered resident population at year end,Census 2011 basis
2021,2021-12-31,2021,ALT003,3-Jährige,803334,Anzahl,DESTATIS-12411-0005,official population estimate,Germany,registered resident population at year end,Census 2011 basis
2021,2021-12-31,2021,ALT004,4-Jährige,810805,Anzahl,DESTATIS-12411-0005,official population estimate,Germany,registered resident population at year end,Census 2011 basis
2021,2021-12-31,2021,ALT005,5-Jährige,816142,Anzahl,DESTATIS-12411-0005,official population estimate,Germany,registered resident population at year end,Census 2011 basis
2021,2021-12-31,2021,ALT006,6-Jährige,789397,Anzahl,DESTATIS-12411-0005,official population estimate,Germany,registered resident population at year end,Census 2011 basis
2021,2021-12-31,2021,ALT007,7-Jährige,779278,Anzahl,DESTATIS-12411-0005,official population estimate,Germany,registered resident population at year end,Census 2011 basis
2021,2021-12-31,2021,ALT008,8-Jährige,752469,Anzahl,DESTATIS-12411-0005,official population estimate,Germany,registered resident population at year end,Census 2011 basis
2021,2021-12-31,2021,ALT009,9-Jährige,750855,Anzahl,DESTATIS-12411-0005,official population estimate,Germany,registered resident population at year end,Census 2011 basis
2021,2021-12-31,2021,ALT010,10-Jährige,734666,Anzahl,DESTATIS-12411-0005,official population estimate,Germany,registered resident population at year end,Census 2011 basis
2021,2021-12-31,2021,ALT011,11-Jährige,752600,Anzahl,DESTATIS-12411-0005,official population estimate,Germany,registered resident population at year end,Census 2011 basis
2021,2021-12-31,2021,ALT012,12-Jährige,741247,Anzahl,DESTATIS-12411-0005,official population estimate,Germany,registered resident population at year end,Census 2011 basis
2021,2021-12-31,2021,ALT013,13-Jährige,760080,Anzahl,DESTATIS-12411-0005,official population estimate,Germany,registered resident population at year end,Census 2011 basis
2021,2021-12-31,2021,ALT014,14-Jährige,754868,Anzahl,DESTATIS-12411-0005,official population estimate,Germany,registered resident population at year end,Census 2011 basis
2021,2021-12-31,2021,ALT015,15-Jährige,740018,Anzahl,DESTATIS-12411-0005,official population estimate,Germany,registered resident population at year end,Census 2011 basis
2021,2021-12-31,2021,ALT016,16-Jährige,750057,Anzahl,DESTATIS-12411-0005,official population estimate,Germany,registered resident population at year end,Census 2011 basis
2021,2021-12-31,2021,ALT017,17-Jährige,766249,Anzahl,DESTATIS-12411-0005,official population estimate,Germany,registered resident population at year end,Census 2011 basis
2021,2021-12-31,2021,ALT018,18-Jährige,772950,Anzahl,DESTATIS-12411-0005,official population estimate,Germany,registered resident population at year end,Census 2011 basis
2021,2021-12-31,2021,ALT019,19-Jährige,797706,Anzahl,DESTATIS-12411-0005,official population estimate,Germany,registered resident population at year end,Census 2011 basis
2021,2021-12-31,2021,ALT020,20-Jährige,831435,Anzahl,DESTATIS-12411-0005,official population estimate,Germany,registered resident population at year end,Census 2011 basis
2021,2021-12-31,2021,ALT021,21-Jährige,884287,Anzahl,DESTATIS-12411-0005,official population estimate,Germany,registered resident population at year end,Census 2011 basis
2021,2021-12-31,2021,ALT022,22-Jährige,902991,Anzahl,DESTATIS-12411-0005,official population estimate,Germany,registered resident population at year end,Census 2011 basis
2021,2021-12-31,2021,ALT023,23-Jährige,930132,Anzahl,DESTATIS-12411-0005,official population estimate,Germany,registered resident population at year end,Census 2011 basis
2021,2021-12-31,2021,ALT024,24-Jährige,973682,Anzahl,DESTATIS-12411-0005,official population estimate,Germany,registered resident population at year end,Census 2011 basis
2021,2021-12-31,2021,ALT025,25-Jährige,968595,Anzahl,DESTATIS-12411-0005,official population estimate,Germany,registered resident population at year end,Census 2011 basis
2021,2021-12-31,2021,ALT026,26-Jährige,953757,Anzahl,DESTATIS-12411-0005,official population estimate,Germany,registered resident population at year end,Census 2011 basis
2021,2021-12-31,2021,ALT027,27-Jährige,966208,Anzahl,DESTATIS-12411-0005,official population estimate,Germany,registered resident population at year end,Census 2011 basis
2021,2021-12-31,2021,ALT028,28-Jährige,994633,Anzahl,DESTATIS-12411-0005,official population estimate,Germany,registered resident population at year end,Census 2011 basis
2021,2021-12-31,2021,ALT029,29-Jährige,1009536,Anzahl,DESTATIS-12411-0005,official population estimate,Germany,registered resident population at year end,Census 2011 basis
2021,2021-12-31,2021,ALT030,30-Jährige,1042411,Anzahl,DESTATIS-12411-0005,official population estimate,Germany,registered resident population at year end,Census 2011 basis
2021,2021-12-31,2021,ALT031,31-Jährige,1134154,Anzahl,DESTATIS-12411-0005,official population estimate,Germany,registered resident population at year end,Census 2011 basis
2021,2021-12-31,2021,ALT032,32-Jährige,1118705,Anzahl,DESTATIS-12411-0005,official population estimate,Germany,registered resident population at year end,Census 2011 basis
2021,2021-12-31,2021,ALT033,33-Jährige,1141779,Anzahl,DESTATIS-12411-0005,official population estimate,Germany,registered resident population at year end,Census 2011 basis
2021,2021-12-31,2021,ALT034,34-Jährige,1116555,Anzahl,DESTATIS-12411-0005,official population estimate,Germany,registered resident population at year end,Census 2011 basis
2021,2021-12-31,2021,ALT035,35-Jährige,1094982,Anzahl,DESTATIS-12411-0005,official population estimate,Germany,registered resident population at year end,Census 2011 basis
2021,2021-12-31,2021,ALT036,36-Jährige,1061333,Anzahl,DESTATIS-12411-0005,official population estimate,Germany,registered resident population at year end,Census 2011 basis
2021,2021-12-31,2021,ALT037,37-Jährige,1053033,Anzahl,DESTATIS-12411-0005,official population estimate,Germany,registered resident population at year end,Census 2011 basis
2021,2021-12-31,2021,ALT038,38-Jährige,1053223,Anzahl,DESTATIS-12411-0005,official population estimate,Germany,registered resident population at year end,Census 2011 basis
2021,2021-12-31,2021,ALT039,39-Jährige,1072623,Anzahl,DESTATIS-12411-0005,official population estimate,Germany,registered resident population at year end,Census 2011 basis
2021,2021-12-31,2021,ALT040,40-Jährige,1062573,Anzahl,DESTATIS-12411-0005,official population estimate,Germany,registered resident population at year end,Census 2011 basis
2021,2021-12-31,2021,ALT041,41-Jährige,1066630,Anzahl,DESTATIS-12411-0005,official population estimate,Germany,registered resident population at year end,Census 2011 basis
2021,2021-12-31,2021,ALT042,42-Jährige,1014635,Anzahl,DESTATIS-12411-0005,official population estimate,Germany,registered resident population at year end,Census 2011 basis
2021,2021-12-31,2021,ALT043,43-Jährige,999583,Anzahl,DESTATIS-12411-0005,official population estimate,Germany,registered resident population at year end,Census 2011 basis
2021,2021-12-31,2021,ALT044,44-Jährige,988878,Anzahl,DESTATIS-12411-0005,official population estimate,Germany,registered resident population at year end,Census 2011 basis
2021,2021-12-31,2021,ALT045,45-Jährige,969960,Anzahl,DESTATIS-12411-0005,official population estimate,Germany,registered resident population at year end,Census 2011 basis
2021,2021-12-31,2021,ALT046,46-Jährige,943804,Anzahl,DESTATIS-12411-0005,official population estimate,Germany,registered resident population at year end,Census 2011 basis
2021,2021-12-31,2021,ALT047,47-Jährige,954234,Anzahl,DESTATIS-12411-0005,official population estimate,Germany,registered resident population at year end,Census 2011 basis
2021,2021-12-31,2021,ALT048,48-Jährige,959948,Anzahl,DESTATIS-12411-0005,official population estimate,Germany,registered resident population at year end,Census 2011 basis
2021,2021-12-31,2021,ALT049,49-Jährige,1036458,Anzahl,DESTATIS-12411-0005,official population estimate,Germany,registered resident population at year end,Census 2011 basis
2021,2021-12-31,2021,ALT050,50-Jährige,1135710,Anzahl,DESTATIS-12411-0005,official population estimate,Germany,registered resident population at year end,Census 2011 basis
2021,2021-12-31,2021,ALT051,51-Jährige,1174754,Anzahl,DESTATIS-12411-0005,official population estimate,Germany,registered resident population at year end,Census 2011 basis
2021,2021-12-31,2021,ALT052,52-Jährige,1257877,Anzahl,DESTATIS-12411-0005,official population estimate,Germany,registered resident population at year end,Census 2011 basis
2021,2021-12-31,2021,ALT053,53-Jährige,1313453,Anzahl,DESTATIS-12411-0005,official population estimate,Germany,registered resident population at year end,Census 2011 basis
2021,2021-12-31,2021,ALT054,54-Jährige,1343318,Anzahl,DESTATIS-12411-0005,official population estimate,Germany,registered resident population at year end,Census 2011 basis
2021,2021-12-31,2021,ALT055,55-Jährige,1374519,Anzahl,DESTATIS-12411-0005,official population estimate,Germany,registered resident population at year end,Census 2011 basis
2021,2021-12-31,2021,ALT056,56-Jährige,1373938,Anzahl,DESTATIS-12411-0005,official population estimate,Germany,registered resident population at year end,Census 2011 basis
2021,2021-12-31,2021,ALT057,57-Jährige,1394414,Anzahl,DESTATIS-12411-0005,official population estimate,Germany,registered resident population at year end,Census 2011 basis
2021,2021-12-31,2021,ALT058,58-Jährige,1376677,Anzahl,DESTATIS-12411-0005,official population estimate,Germany,registered resident population at year end,Census 2011 basis
2021,2021-12-31,2021,ALT059,59-Jährige,1327249,Anzahl,DESTATIS-12411-0005,official population estimate,Germany,registered resident population at year end,Census 2011 basis
2021,2021-12-31,2021,ALT060,60-Jährige,1300524,Anzahl,DESTATIS-12411-0005,official population estimate,Germany,registered resident population at year end,Census 2011 basis
2021,2021-12-31,2021,ALT061,61-Jährige,1250775,Anzahl,DESTATIS-12411-0005,official population estimate,Germany,registered resident population at year end,Census 2011 basis
2021,2021-12-31,2021,ALT062,62-Jährige,1208290,Anzahl,DESTATIS-12411-0005,official population estimate,Germany,registered resident population at year end,Census 2011 basis
2021,2021-12-31,2021,ALT063,63-Jährige,1134297,Anzahl,DESTATIS-12411-0005,official population estimate,Germany,registered resident population at year end,Census 2011 basis
2021,2021-12-31,2021,ALT064,64-Jährige,1100158,Anzahl,DESTATIS-12411-0005,official population estimate,Germany,registered resident population at year end,Census 2011 basis
2021,2021-12-31,2021,ALT065,65-Jährige,1061809,Anzahl,DESTATIS-12411-0005,official population estimate,Germany,registered resident population at year end,Census 2011 basis
2021,2021-12-31,2021,ALT066,66-Jährige,1020393,Anzahl,DESTATIS-12411-0005,official population estimate,Germany,registered resident population at year end,Census 2011 basis
2021,2021-12-31,2021,ALT067,67-Jährige,991948,Anzahl,DESTATIS-12411-0005,official population estimate,Germany,registered resident population at year end,Census 2011 basis
2021,2021-12-31,2021,ALT068,68-Jährige,951916,Anzahl,DESTATIS-12411-0005,official population estimate,Germany,registered resident population at year end,Census 2011 basis
2021,2021-12-31,2021,ALT069,69-Jährige,941864,Anzahl,DESTATIS-12411-0005,official population estimate,Germany,registered resident population at year end,Census 2011 basis
2021,2021-12-31,2021,ALT070,70-Jährige,913046,Anzahl,DESTATIS-12411-0005,official population estimate,Germany,registered resident population at year end,Census 2011 basis
2021,2021-12-31,2021,ALT071,71-Jährige,902997,Anzahl,DESTATIS-12411-0005,official population estimate,Germany,registered resident population at year end,Census 2011 basis
2021,2021-12-31,2021,ALT072,72-Jährige,862165,Anzahl,DESTATIS-12411-0005,official population estimate,Germany,registered resident population at year end,Census 2011 basis
2021,2021-12-31,2021,ALT073,73-Jährige,776134,Anzahl,DESTATIS-12411-0005,official population estimate,Germany,registered resident population at year end,Census 2011 basis
2021,2021-12-31,2021,ALT074,74-Jährige,718950,Anzahl,DESTATIS-12411-0005,official population estimate,Germany,registered resident population at year end,Census 2011 basis
2021,2021-12-31,2021,ALT075,75-Jährige,614207,Anzahl,DESTATIS-12411-0005,official population estimate,Germany,registered resident population at year end,Census 2011 basis
2021,2021-12-31,2021,ALT076,76-Jährige,530053,Anzahl,DESTATIS-12411-0005,official population estimate,Germany,registered resident population at year end,Census 2011 basis
2021,2021-12-31,2021,ALT077,77-Jährige,694896,Anzahl,DESTATIS-12411-0005,official population estimate,Germany,registered resident population at year end,Census 2011 basis
2021,2021-12-31,2021,ALT078,78-Jährige,691201,Anzahl,DESTATIS-12411-0005,official population estimate,Germany,registered resident population at year end,Census 2011 basis
2021,2021-12-31,2021,ALT079,79-Jährige,653265,Anzahl,DESTATIS-12411-0005,official population estimate,Germany,registered resident population at year end,Census 2011 basis
2021,2021-12-31,2021,ALT080,80-Jährige,769265,Anzahl,DESTATIS-12411-0005,official population estimate,Germany,registered resident population at year end,Census 2011 basis
2021,2021-12-31,2021,ALT081,81-Jährige,777644,Anzahl,DESTATIS-12411-0005,official population estimate,Germany,registered resident population at year end,Census 2011 basis
2021,2021-12-31,2021,ALT082,82-Jährige,732760,Anzahl,DESTATIS-12411-0005,official population estimate,Germany,registered resident population at year end,Census 2011 basis
2021,2021-12-31,2021,ALT083,83-Jährige,644569,Anzahl,DESTATIS-12411-0005,official population estimate,Germany,registered resident population at year end,Census 2011 basis
2021,2021-12-31,2021,ALT084,84-Jährige,561973,Anzahl,DESTATIS-12411-0005,official population estimate,Germany,registered resident population at year end,Census 2011 basis
2021,2021-12-31,2021,ALT085UM,85 Jahre und mehr,2625444,Anzahl,DESTATIS-12411-0005,official population estimate,Germany,registered resident population at year end,Census 2011 basis
2021,2021-12-31,2021,TOTAL,Insgesamt,83237124,Anzahl,DESTATIS-12411-0005,official population estimate,Germany,registered resident population at year end,Census 2011 basis
2022,2022-12-31,2022,ALT000,unter 1 Jahr,724711,Anzahl,DESTATIS-12411-0005,official population estimate,Germany,registered resident population at year end,Census 2022 basis
2022,2022-12-31,2022,ALT001,1-Jährige,786020,Anzahl,DESTATIS-12411-0005,official population estimate,Germany,registered resident population at year end,Census 2022 basis
2022,2022-12-31,2022,ALT002,2-Jährige,773830,Anzahl,DESTATIS-12411-0005,official population estimate,Germany,registered resident population at year end,Census 2022 basis
2022,2022-12-31,2022,ALT003,3-Jährige,782423,Anzahl,DESTATIS-12411-0005,official population estimate,Germany,registered resident population at year end,Census 2022 basis
2022,2022-12-31,2022,ALT004,4-Jährige,797764,Anzahl,DESTATIS-12411-0005,official population estimate,Germany,registered resident population at year end,Census 2022 basis
2022,2022-12-31,2022,ALT005,5-Jährige,806985,Anzahl,DESTATIS-12411-0005,official population estimate,Germany,registered resident population at year end,Census 2022 basis
2022,2022-12-31,2022,ALT006,6-Jährige,813028,Anzahl,DESTATIS-12411-0005,official population estimate,Germany,registered resident population at year end,Census 2022 basis
2022,2022-12-31,2022,ALT007,7-Jährige,789459,Anzahl,DESTATIS-12411-0005,official population estimate,Germany,registered resident population at year end,Census 2022 basis
2022,2022-12-31,2022,ALT008,8-Jährige,784585,Anzahl,DESTATIS-12411-0005,official population estimate,Germany,registered resident population at year end,Census 2022 basis
2022,2022-12-31,2022,ALT009,9-Jährige,758158,Anzahl,DESTATIS-12411-0005,official population estimate,Germany,registered resident population at year end,Census 2022 basis
2022,2022-12-31,2022,ALT010,10-Jährige,758910,Anzahl,DESTATIS-12411-0005,official population estimate,Germany,registered resident population at year end,Census 2022 basis
2022,2022-12-31,2022,ALT011,11-Jährige,747682,Anzahl,DESTATIS-12411-0005,official population estimate,Germany,registered resident population at year end,Census 2022 basis
2022,2022-12-31,2022,ALT012,12-Jährige,766458,Anzahl,DESTATIS-12411-0005,official population estimate,Germany,registered resident population at year end,Census 2022 basis
2022,2022-12-31,2022,ALT013,13-Jährige,755318,Anzahl,DESTATIS-12411-0005,official population estimate,Germany,registered resident population at year end,Census 2022 basis
2022,2022-12-31,2022,ALT014,14-Jährige,773637,Anzahl,DESTATIS-12411-0005,official population estimate,Germany,registered resident population at year end,Census 2022 basis
2022,2022-12-31,2022,ALT015,15-Jährige,768874,Anzahl,DESTATIS-12411-0005,official population estimate,Germany,registered resident population at year end,Census 2022 basis
2022,2022-12-31,2022,ALT016,16-Jährige,758538,Anzahl,DESTATIS-12411-0005,official population estimate,Germany,registered resident population at year end,Census 2022 basis
2022,2022-12-31,2022,ALT017,17-Jährige,769569,Anzahl,DESTATIS-12411-0005,official population estimate,Germany,registered resident population at year end,Census 2022 basis
2022,2022-12-31,2022,ALT018,18-Jährige,785932,Anzahl,DESTATIS-12411-0005,official population estimate,Germany,registered resident population at year end,Census 2022 basis
2022,2022-12-31,2022,ALT019,19-Jährige,781687,Anzahl,DESTATIS-12411-0005,official population estimate,Germany,registered resident population at year end,Census 2022 basis
2022,2022-12-31,2022,ALT020,20-Jährige,808872,Anzahl,DESTATIS-12411-0005,official population estimate,Germany,registered resident population at year end,Census 2022 basis
2022,2022-12-31,2022,ALT021,21-Jährige,841475,Anzahl,DESTATIS-12411-0005,official population estimate,Germany,registered resident population at year end,Census 2022 basis
2022,2022-12-31,2022,ALT022,22-Jährige,896256,Anzahl,DESTATIS-12411-0005,official population estimate,Germany,registered resident population at year end,Census 2022 basis
2022,2022-12-31,2022,ALT023,23-Jährige,916419,Anzahl,DESTATIS-12411-0005,official population estimate,Germany,registered resident population at year end,Census 2022 basis
2022,2022-12-31,2022,ALT024,24-Jährige,943851,Anzahl,DESTATIS-12411-0005,official population estimate,Germany,registered resident population at year end,Census 2022 basis
2022,2022-12-31,2022,ALT025,25-Jährige,974583,Anzahl,DESTATIS-12411-0005,official population estimate,Germany,registered resident population at year end,Census 2022 basis
2022,2022-12-31,2022,ALT026,26-Jährige,960813,Anzahl,DESTATIS-12411-0005,official population estimate,Germany,registered resident population at year end,Census 2022 basis
2022,2022-12-31,2022,ALT027,27-Jährige,945076,Anzahl,DESTATIS-12411-0005,official population estimate,Germany,registered resident population at year end,Census 2022 basis
2022,2022-12-31,2022,ALT028,28-Jährige,957050,Anzahl,DESTATIS-12411-0005,official population estimate,Germany,registered resident population at year end,Census 2022 basis
2022,2022-12-31,2022,ALT029,29-Jährige,988725,Anzahl,DESTATIS-12411-0005,official population estimate,Germany,registered resident population at year end,Census 2022 basis
2022,2022-12-31,2022,ALT030,30-Jährige,1008989,Anzahl,DESTATIS-12411-0005,official population estimate,Germany,registered resident population at year end,Census 2022 basis
2022,2022-12-31,2022,ALT031,31-Jährige,1039191,Anzahl,DESTATIS-12411-0005,official population estimate,Germany,registered resident population at year end,Census 2022 basis
2022,2022-12-31,2022,ALT032,32-Jährige,1132170,Anzahl,DESTATIS-12411-0005,official population estimate,Germany,registered resident population at year end,Census 2022 basis
2022,2022-12-31,2022,ALT033,33-Jährige,1121071,Anzahl,DESTATIS-12411-0005,official population estimate,Germany,registered resident population at year end,Census 2022 basis
2022,2022-12-31,2022,ALT034,34-Jährige,1148331,Anzahl,DESTATIS-12411-0005,official population estimate,Germany,registered resident population at year end,Census 2022 basis
2022,2022-12-31,2022,ALT035,35-Jährige,1127210,Anzahl,DESTATIS-12411-0005,official population estimate,Germany,registered resident population at year end,Census 2022 basis
2022,2022-12-31,2022,ALT036,36-Jährige,1110221,Anzahl,DESTATIS-12411-0005,official population estimate,Germany,registered resident population at year end,Census 2022 basis
2022,2022-12-31,2022,ALT037,37-Jährige,1077830,Anzahl,DESTATIS-12411-0005,official population estimate,Germany,registered resident population at year end,Census 2022 basis
2022,2022-12-31,2022,ALT038,38-Jährige,1071318,Anzahl,DESTATIS-12411-0005,official population estimate,Germany,registered resident population at year end,Census 2022 basis
2022,2022-12-31,2022,ALT039,39-Jährige,1072332,Anzahl,DESTATIS-12411-0005,official population estimate,Germany,registered resident population at year end,Census 2022 basis
2022,2022-12-31,2022,ALT040,40-Jährige,1089399,Anzahl,DESTATIS-12411-0005,official population estimate,Germany,registered resident population at year end,Census 2022 basis
2022,2022-12-31,2022,ALT041,41-Jährige,1078198,Anzahl,DESTATIS-12411-0005,official population estimate,Germany,registered resident population at year end,Census 2022 basis
2022,2022-12-31,2022,ALT042,42-Jährige,1080211,Anzahl,DESTATIS-12411-0005,official population estimate,Germany,registered resident population at year end,Census 2022 basis
2022,2022-12-31,2022,ALT043,43-Jährige,1026834,Anzahl,DESTATIS-12411-0005,official population estimate,Germany,registered resident population at year end,Census 2022 basis
2022,2022-12-31,2022,ALT044,44-Jährige,1009558,Anzahl,DESTATIS-12411-0005,official population estimate,Germany,registered resident population at year end,Census 2022 basis
2022,2022-12-31,2022,ALT045,45-Jährige,996382,Anzahl,DESTATIS-12411-0005,official population estimate,Germany,registered resident population at year end,Census 2022 basis
2022,2022-12-31,2022,ALT046,46-Jährige,974472,Anzahl,DESTATIS-12411-0005,official population estimate,Germany,registered resident population at year end,Census 2022 basis
2022,2022-12-31,2022,ALT047,47-Jährige,946454,Anzahl,DESTATIS-12411-0005,official population estimate,Germany,registered resident population at year end,Census 2022 basis
2022,2022-12-31,2022,ALT048,48-Jährige,956236,Anzahl,DESTATIS-12411-0005,official population estimate,Germany,registered resident population at year end,Census 2022 basis
2022,2022-12-31,2022,ALT049,49-Jährige,959060,Anzahl,DESTATIS-12411-0005,official population estimate,Germany,registered resident population at year end,Census 2022 basis
2022,2022-12-31,2022,ALT050,50-Jährige,1037811,Anzahl,DESTATIS-12411-0005,official population estimate,Germany,registered resident population at year end,Census 2022 basis
2022,2022-12-31,2022,ALT051,51-Jährige,1142926,Anzahl,DESTATIS-12411-0005,official population estimate,Germany,registered resident population at year end,Census 2022 basis
2022,2022-12-31,2022,ALT052,52-Jährige,1179605,Anzahl,DESTATIS-12411-0005,official population estimate,Germany,registered resident population at year end,Census 2022 basis
2022,2022-12-31,2022,ALT053,53-Jährige,1260300,Anzahl,DESTATIS-12411-0005,official population estimate,Germany,registered resident population at year end,Census 2022 basis
2022,2022-12-31,2022,ALT054,54-Jährige,1311421,Anzahl,DESTATIS-12411-0005,official population estimate,Germany,registered resident population at year end,Census 2022 basis
2022,2022-12-31,2022,ALT055,55-Jährige,1336750,Anzahl,DESTATIS-12411-0005,official population estimate,Germany,registered resident population at year end,Census 2022 basis
2022,2022-12-31,2022,ALT056,56-Jährige,1364843,Anzahl,DESTATIS-12411-0005,official population estimate,Germany,registered resident population at year end,Census 2022 basis
2022,2022-12-31,2022,ALT057,57-Jährige,1359596,Anzahl,DESTATIS-12411-0005,official population estimate,Germany,registered resident population at year end,Census 2022 basis
2022,2022-12-31,2022,ALT058,58-Jährige,1377425,Anzahl,DESTATIS-12411-0005,official population estimate,Germany,registered resident population at year end,Census 2022 basis
2022,2022-12-31,2022,ALT059,59-Jährige,1357591,Anzahl,DESTATIS-12411-0005,official population estimate,Germany,registered resident population at year end,Census 2022 basis
2022,2022-12-31,2022,ALT060,60-Jährige,1314013,Anzahl,DESTATIS-12411-0005,official population estimate,Germany,registered resident population at year end,Census 2022 basis
2022,2022-12-31,2022,ALT061,61-Jährige,1291918,Anzahl,DESTATIS-12411-0005,official population estimate,Germany,registered resident population at year end,Census 2022 basis
2022,2022-12-31,2022,ALT062,62-Jährige,1238058,Anzahl,DESTATIS-12411-0005,official population estimate,Germany,registered resident population at year end,Census 2022 basis
2022,2022-12-31,2022,ALT063,63-Jährige,1194921,Anzahl,DESTATIS-12411-0005,official population estimate,Germany,registered resident population at year end,Census 2022 basis
2022,2022-12-31,2022,ALT064,64-Jährige,1118964,Anzahl,DESTATIS-12411-0005,official population estimate,Germany,registered resident population at year end,Census 2022 basis
2022,2022-12-31,2022,ALT065,65-Jährige,1088293,Anzahl,DESTATIS-12411-0005,official population estimate,Germany,registered resident population at year end,Census 2022 basis
2022,2022-12-31,2022,ALT066,66-Jährige,1054196,Anzahl,DESTATIS-12411-0005,official population estimate,Germany,registered resident population at year end,Census 2022 basis
2022,2022-12-31,2022,ALT067,67-Jährige,1010093,Anzahl,DESTATIS-12411-0005,official population estimate,Germany,registered resident population at year end,Census 2022 basis
2022,2022-12-31,2022,ALT068,68-Jährige,980713,Anzahl,DESTATIS-12411-0005,official population estimate,Germany,registered resident population at year end,Census 2022 basis
2022,2022-12-31,2022,ALT069,69-Jährige,937604,Anzahl,DESTATIS-12411-0005,official population estimate,Germany,registered resident population at year end,Census 2022 basis
2022,2022-12-31,2022,ALT070,70-Jährige,925445,Anzahl,DESTATIS-12411-0005,official population estimate,Germany,registered resident population at year end,Census 2022 basis
2022,2022-12-31,2022,ALT071,71-Jährige,896307,Anzahl,DESTATIS-12411-0005,official population estimate,Germany,registered resident population at year end,Census 2022 basis
2022,2022-12-31,2022,ALT072,72-Jährige,882261,Anzahl,DESTATIS-12411-0005,official population estimate,Germany,registered resident population at year end,Census 2022 basis
2022,2022-12-31,2022,ALT073,73-Jährige,839130,Anzahl,DESTATIS-12411-0005,official population estimate,Germany,registered resident population at year end,Census 2022 basis
2022,2022-12-31,2022,ALT074,74-Jährige,752072,Anzahl,DESTATIS-12411-0005,official population estimate,Germany,registered resident population at year end,Census 2022 basis
2022,2022-12-31,2022,ALT075,75-Jährige,693604,Anzahl,DESTATIS-12411-0005,official population estimate,Germany,registered resident population at year end,Census 2022 basis
2022,2022-12-31,2022,ALT076,76-Jährige,590028,Anzahl,DESTATIS-12411-0005,official population estimate,Germany,registered resident population at year end,Census 2022 basis
2022,2022-12-31,2022,ALT077,77-Jährige,506237,Anzahl,DESTATIS-12411-0005,official population estimate,Germany,registered resident population at year end,Census 2022 basis
2022,2022-12-31,2022,ALT078,78-Jährige,660703,Anzahl,DESTATIS-12411-0005,official population estimate,Germany,registered resident population at year end,Census 2022 basis
2022,2022-12-31,2022,ALT079,79-Jährige,652633,Anzahl,DESTATIS-12411-0005,official population estimate,Germany,registered resident population at year end,Census 2022 basis
2022,2022-12-31,2022,ALT080,80-Jährige,613796,Anzahl,DESTATIS-12411-0005,official population estimate,Germany,registered resident population at year end,Census 2022 basis
2022,2022-12-31,2022,ALT081,81-Jährige,719963,Anzahl,DESTATIS-12411-0005,official population estimate,Germany,registered resident population at year end,Census 2022 basis
2022,2022-12-31,2022,ALT082,82-Jährige,722205,Anzahl,DESTATIS-12411-0005,official population estimate,Germany,registered resident population at year end,Census 2022 basis
2022,2022-12-31,2022,ALT083,83-Jährige,675973,Anzahl,DESTATIS-12411-0005,official population estimate,Germany,registered resident population at year end,Census 2022 basis
2022,2022-12-31,2022,ALT084,84-Jährige,589512,Anzahl,DESTATIS-12411-0005,official population estimate,Germany,registered resident population at year end,Census 2022 basis
2022,2022-12-31,2022,ALT085UM,85 Jahre und mehr,2699436,Anzahl,DESTATIS-12411-0005,official population estimate,Germany,registered resident population at year end,Census 2022 basis
2022,2022-12-31,2022,TOTAL,Insgesamt,83118501,Anzahl,DESTATIS-12411-0005,official population estimate,Germany,registered resident population at year end,Census 2022 basis
2023,2023-12-31,2023,ALT000,unter 1 Jahr,689834,Anzahl,DESTATIS-12411-0005,official population estimate,Germany,registered resident population at year end,Census 2022 basis
2023,2023-12-31,2023,ALT001,1-Jährige,739396,Anzahl,DESTATIS-12411-0005,official population estimate,Germany,registered resident population at year end,Census 2022 basis
2023,2023-12-31,2023,ALT002,2-Jährige,793110,Anzahl,DESTATIS-12411-0005,official population estimate,Germany,registered resident population at year end,Census 2022 basis
2023,2023-12-31,2023,ALT003,3-Jährige,780001,Anzahl,DESTATIS-12411-0005,official population estimate,Germany,registered resident population at year end,Census 2022 basis
2023,2023-12-31,2023,ALT004,4-Jährige,789018,Anzahl,DESTATIS-12411-0005,official population estimate,Germany,registered resident population at year end,Census 2022 basis
2023,2023-12-31,2023,ALT005,5-Jährige,803981,Anzahl,DESTATIS-12411-0005,official population estimate,Germany,registered resident population at year end,Census 2022 basis
2023,2023-12-31,2023,ALT006,6-Jährige,811968,Anzahl,DESTATIS-12411-0005,official population estimate,Germany,registered resident population at year end,Census 2022 basis
2023,2023-12-31,2023,ALT007,7-Jährige,819428,Anzahl,DESTATIS-12411-0005,official population estimate,Germany,registered resident population at year end,Census 2022 basis
2023,2023-12-31,2023,ALT008,8-Jährige,796805,Anzahl,DESTATIS-12411-0005,official population estimate,Germany,registered resident population at year end,Census 2022 basis
2023,2023-12-31,2023,ALT009,9-Jährige,791898,Anzahl,DESTATIS-12411-0005,official population estimate,Germany,registered resident population at year end,Census 2022 basis
2023,2023-12-31,2023,ALT010,10-Jährige,765417,Anzahl,DESTATIS-12411-0005,official population estimate,Germany,registered resident population at year end,Census 2022 basis
2023,2023-12-31,2023,ALT011,11-Jährige,766222,Anzahl,DESTATIS-12411-0005,official population estimate,Germany,registered resident population at year end,Census 2022 basis
2023,2023-12-31,2023,ALT012,12-Jährige,754679,Anzahl,DESTATIS-12411-0005,official population estimate,Germany,registered resident population at year end,Census 2022 basis
2023,2023-12-31,2023,ALT013,13-Jährige,773408,Anzahl,DESTATIS-12411-0005,official population estimate,Germany,registered resident population at year end,Census 2022 basis
2023,2023-12-31,2023,ALT014,14-Jährige,762581,Anzahl,DESTATIS-12411-0005,official population estimate,Germany,registered resident population at year end,Census 2022 basis
2023,2023-12-31,2023,ALT015,15-Jährige,782622,Anzahl,DESTATIS-12411-0005,official population estimate,Germany,registered resident population at year end,Census 2022 basis
2023,2023-12-31,2023,ALT016,16-Jährige,781151,Anzahl,DESTATIS-12411-0005,official population estimate,Germany,registered resident population at year end,Census 2022 basis
2023,2023-12-31,2023,ALT017,17-Jährige,772651,Anzahl,DESTATIS-12411-0005,official population estimate,Germany,registered resident population at year end,Census 2022 basis
2023,2023-12-31,2023,ALT018,18-Jährige,792971,Anzahl,DESTATIS-12411-0005,official population estimate,Germany,registered resident population at year end,Census 2022 basis
2023,2023-12-31,2023,ALT019,19-Jährige,816315,Anzahl,DESTATIS-12411-0005,official population estimate,Germany,registered resident population at year end,Census 2022 basis
2023,2023-12-31,2023,ALT020,20-Jährige,813035,Anzahl,DESTATIS-12411-0005,official population estimate,Germany,registered resident population at year end,Census 2022 basis
2023,2023-12-31,2023,ALT021,21-Jährige,837149,Anzahl,DESTATIS-12411-0005,official population estimate,Germany,registered resident population at year end,Census 2022 basis
2023,2023-12-31,2023,ALT022,22-Jährige,870130,Anzahl,DESTATIS-12411-0005,official population estimate,Germany,registered resident population at year end,Census 2022 basis
2023,2023-12-31,2023,ALT023,23-Jährige,928917,Anzahl,DESTATIS-12411-0005,official population estimate,Germany,registered resident population at year end,Census 2022 basis
2023,2023-12-31,2023,ALT024,24-Jährige,946787,Anzahl,DESTATIS-12411-0005,official population estimate,Germany,registered resident population at year end,Census 2022 basis
2023,2023-12-31,2023,ALT025,25-Jährige,973295,Anzahl,DESTATIS-12411-0005,official population estimate,Germany,registered resident population at year end,Census 2022 basis
2023,2023-12-31,2023,ALT026,26-Jährige,1002587,Anzahl,DESTATIS-12411-0005,official population estimate,Germany,registered resident population at year end,Census 2022 basis
2023,2023-12-31,2023,ALT027,27-Jährige,985655,Anzahl,DESTATIS-12411-0005,official population estimate,Germany,registered resident population at year end,Census 2022 basis
2023,2023-12-31,2023,ALT028,28-Jährige,967455,Anzahl,DESTATIS-12411-0005,official population estimate,Germany,registered resident population at year end,Census 2022 basis
2023,2023-12-31,2023,ALT029,29-Jährige,976773,Anzahl,DESTATIS-12411-0005,official population estimate,Germany,registered resident population at year end,Census 2022 basis
2023,2023-12-31,2023,ALT030,30-Jährige,1005785,Anzahl,DESTATIS-12411-0005,official population estimate,Germany,registered resident population at year end,Census 2022 basis
2023,2023-12-31,2023,ALT031,31-Jährige,1025104,Anzahl,DESTATIS-12411-0005,official population estimate,Germany,registered resident population at year end,Census 2022 basis
2023,2023-12-31,2023,ALT032,32-Jährige,1053581,Anzahl,DESTATIS-12411-0005,official population estimate,Germany,registered resident population at year end,Census 2022 basis
2023,2023-12-31,2023,ALT033,33-Jährige,1145120,Anzahl,DESTATIS-12411-0005,official population estimate,Germany,registered resident population at year end,Census 2022 basis
2023,2023-12-31,2023,ALT034,34-Jährige,1133261,Anzahl,DESTATIS-12411-0005,official population estimate,Germany,registered resident population at year end,Census 2022 basis
2023,2023-12-31,2023,ALT035,35-Jährige,1159672,Anzahl,DESTATIS-12411-0005,official population estimate,Germany,registered resident population at year end,Census 2022 basis
2023,2023-12-31,2023,ALT036,36-Jährige,1137901,Anzahl,DESTATIS-12411-0005,official population estimate,Germany,registered resident population at year end,Census 2022 basis
2023,2023-12-31,2023,ALT037,37-Jährige,1120036,Anzahl,DESTATIS-12411-0005,official population estimate,Germany,registered resident population at year end,Census 2022 basis
2023,2023-12-31,2023,ALT038,38-Jährige,1087415,Anzahl,DESTATIS-12411-0005,official population estimate,Germany,registered resident population at year end,Census 2022 basis
2023,2023-12-31,2023,ALT039,39-Jährige,1079970,Anzahl,DESTATIS-12411-0005,official population estimate,Germany,registered resident population at year end,Census 2022 basis
2023,2023-12-31,2023,ALT040,40-Jährige,1079899,Anzahl,DESTATIS-12411-0005,official population estimate,Germany,registered resident population at year end,Census 2022 basis
2023,2023-12-31,2023,ALT041,41-Jährige,1096264,Anzahl,DESTATIS-12411-0005,official population estimate,Germany,registered resident population at year end,Census 2022 basis
2023,2023-12-31,2023,ALT042,42-Jährige,1084454,Anzahl,DESTATIS-12411-0005,official population estimate,Germany,registered resident population at year end,Census 2022 basis
2023,2023-12-31,2023,ALT043,43-Jährige,1085776,Anzahl,DESTATIS-12411-0005,official population estimate,Germany,registered resident population at year end,Census 2022 basis
2023,2023-12-31,2023,ALT044,44-Jährige,1031820,Anzahl,DESTATIS-12411-0005,official population estimate,Germany,registered resident population at year end,Census 2022 basis
2023,2023-12-31,2023,ALT045,45-Jährige,1013824,Anzahl,DESTATIS-12411-0005,official population estimate,Germany,registered resident population at year end,Census 2022 basis
2023,2023-12-31,2023,ALT046,46-Jährige,999462,Anzahl,DESTATIS-12411-0005,official population estimate,Germany,registered resident population at year end,Census 2022 basis
2023,2023-12-31,2023,ALT047,47-Jährige,977295,Anzahl,DESTATIS-12411-0005,official population estimate,Germany,registered resident population at year end,Census 2022 basis
2023,2023-12-31,2023,ALT048,48-Jährige,948564,Anzahl,DESTATIS-12411-0005,official population estimate,Germany,registered resident population at year end,Census 2022 basis
2023,2023-12-31,2023,ALT049,49-Jährige,957877,Anzahl,DESTATIS-12411-0005,official population estimate,Germany,registered resident population at year end,Census 2022 basis
2023,2023-12-31,2023,ALT050,50-Jährige,959577,Anzahl,DESTATIS-12411-0005,official population estimate,Germany,registered resident population at year end,Census 2022 basis
2023,2023-12-31,2023,ALT051,51-Jährige,1037940,Anzahl,DESTATIS-12411-0005,official population estimate,Germany,registered resident population at year end,Census 2022 basis
2023,2023-12-31,2023,ALT052,52-Jährige,1141829,Anzahl,DESTATIS-12411-0005,official population estimate,Germany,registered resident population at year end,Census 2022 basis
2023,2023-12-31,2023,ALT053,53-Jährige,1177688,Anzahl,DESTATIS-12411-0005,official population estimate,Germany,registered resident population at year end,Census 2022 basis
2023,2023-12-31,2023,ALT054,54-Jährige,1256958,Anzahl,DESTATIS-12411-0005,official population estimate,Germany,registered resident population at year end,Census 2022 basis
2023,2023-12-31,2023,ALT055,55-Jährige,1307494,Anzahl,DESTATIS-12411-0005,official population estimate,Germany,registered resident population at year end,Census 2022 basis
2023,2023-12-31,2023,ALT056,56-Jährige,1331523,Anzahl,DESTATIS-12411-0005,official population estimate,Germany,registered resident population at year end,Census 2022 basis
2023,2023-12-31,2023,ALT057,57-Jährige,1358809,Anzahl,DESTATIS-12411-0005,official population estimate,Germany,registered resident population at year end,Census 2022 basis
2023,2023-12-31,2023,ALT058,58-Jährige,1352516,Anzahl,DESTATIS-12411-0005,official population estimate,Germany,registered resident population at year end,Census 2022 basis
2023,2023-12-31,2023,ALT059,59-Jährige,1369423,Anzahl,DESTATIS-12411-0005,official population estimate,Germany,registered resident population at year end,Census 2022 basis
2023,2023-12-31,2023,ALT060,60-Jährige,1349445,Anzahl,DESTATIS-12411-0005,official population estimate,Germany,registered resident population at year end,Census 2022 basis
2023,2023-12-31,2023,ALT061,61-Jährige,1304897,Anzahl,DESTATIS-12411-0005,official population estimate,Germany,registered resident population at year end,Census 2022 basis
2023,2023-12-31,2023,ALT062,62-Jährige,1281497,Anzahl,DESTATIS-12411-0005,official population estimate,Germany,registered resident population at year end,Census 2022 basis
2023,2023-12-31,2023,ALT063,63-Jährige,1226809,Anzahl,DESTATIS-12411-0005,official population estimate,Germany,registered resident population at year end,Census 2022 basis
2023,2023-12-31,2023,ALT064,64-Jährige,1182724,Anzahl,DESTATIS-12411-0005,official population estimate,Germany,registered resident population at year end,Census 2022 basis
2023,2023-12-31,2023,ALT065,65-Jährige,1106221,Anzahl,DESTATIS-12411-0005,official population estimate,Germany,registered resident population at year end,Census 2022 basis
2023,2023-12-31,2023,ALT066,66-Jährige,1074054,Anzahl,DESTATIS-12411-0005,official population estimate,Germany,registered resident population at year end,Census 2022 basis
2023,2023-12-31,2023,ALT067,67-Jährige,1039705,Anzahl,DESTATIS-12411-0005,official population estimate,Germany,registered resident population at year end,Census 2022 basis
2023,2023-12-31,2023,ALT068,68-Jährige,995379,Anzahl,DESTATIS-12411-0005,official population estimate,Germany,registered resident population at year end,Census 2022 basis
2023,2023-12-31,2023,ALT069,69-Jährige,965316,Anzahl,DESTATIS-12411-0005,official population estimate,Germany,registered resident population at year end,Census 2022 basis
2023,2023-12-31,2023,ALT070,70-Jährige,921507,Anzahl,DESTATIS-12411-0005,official population estimate,Germany,registered resident population at year end,Census 2022 basis
2023,2023-12-31,2023,ALT071,71-Jährige,908307,Anzahl,DESTATIS-12411-0005,official population estimate,Germany,registered resident population at year end,Census 2022 basis
2023,2023-12-31,2023,ALT072,72-Jährige,878105,Anzahl,DESTATIS-12411-0005,official population estimate,Germany,registered resident population at year end,Census 2022 basis
2023,2023-12-31,2023,ALT073,73-Jährige,862652,Anzahl,DESTATIS-12411-0005,official population estimate,Germany,registered resident population at year end,Census 2022 basis
2023,2023-12-31,2023,ALT074,74-Jährige,818394,Anzahl,DESTATIS-12411-0005,official population estimate,Germany,registered resident population at year end,Census 2022 basis
2023,2023-12-31,2023,ALT075,75-Jährige,732018,Anzahl,DESTATIS-12411-0005,official population estimate,Germany,registered resident population at year end,Census 2022 basis
2023,2023-12-31,2023,ALT076,76-Jährige,673200,Anzahl,DESTATIS-12411-0005,official population estimate,Germany,registered resident population at year end,Census 2022 basis
2023,2023-12-31,2023,ALT077,77-Jährige,570401,Anzahl,DESTATIS-12411-0005,official population estimate,Germany,registered resident population at year end,Census 2022 basis
2023,2023-12-31,2023,ALT078,78-Jährige,487757,Anzahl,DESTATIS-12411-0005,official population estimate,Germany,registered resident population at year end,Census 2022 basis
2023,2023-12-31,2023,ALT079,79-Jährige,634578,Anzahl,DESTATIS-12411-0005,official population estimate,Germany,registered resident population at year end,Census 2022 basis
2023,2023-12-31,2023,ALT080,80-Jährige,623451,Anzahl,DESTATIS-12411-0005,official population estimate,Germany,registered resident population at year end,Census 2022 basis
2023,2023-12-31,2023,ALT081,81-Jährige,583715,Anzahl,DESTATIS-12411-0005,official population estimate,Germany,registered resident population at year end,Census 2022 basis
2023,2023-12-31,2023,ALT082,82-Jährige,681158,Anzahl,DESTATIS-12411-0005,official population estimate,Germany,registered resident population at year end,Census 2022 basis
2023,2023-12-31,2023,ALT083,83-Jährige,678282,Anzahl,DESTATIS-12411-0005,official population estimate,Germany,registered resident population at year end,Census 2022 basis
2023,2023-12-31,2023,ALT084,84-Jährige,630184,Anzahl,DESTATIS-12411-0005,official population estimate,Germany,registered resident population at year end,Census 2022 basis
2023,2023-12-31,2023,ALT085UM,85 Jahre und mehr,2844213,Anzahl,DESTATIS-12411-0005,official population estimate,Germany,registered resident population at year end,Census 2022 basis
2023,2023-12-31,2023,TOTAL,Insgesamt,83456045,Anzahl,DESTATIS-12411-0005,official population estimate,Germany,registered resident population at year end,Census 2022 basis
2024,2024-12-31,2024,ALT000,unter 1 Jahr,673380,Anzahl,DESTATIS-12411-0005,official population estimate,Germany,registered resident population at year end,Census 2022 basis
2024,2024-12-31,2024,ALT001,1-Jährige,700940,Anzahl,DESTATIS-12411-0005,official population estimate,Germany,registered resident population at year end,Census 2022 basis
2024,2024-12-31,2024,ALT002,2-Jährige,744162,Anzahl,DESTATIS-12411-0005,official population estimate,Germany,registered resident population at year end,Census 2022 basis
2024,2024-12-31,2024,ALT003,3-Jährige,797030,Anzahl,DESTATIS-12411-0005,official population estimate,Germany,registered resident population at year end,Census 2022 basis
2024,2024-12-31,2024,ALT004,4-Jährige,783616,Anzahl,DESTATIS-12411-0005,official population estimate,Germany,registered resident population at year end,Census 2022 basis
2024,2024-12-31,2024,ALT005,5-Jährige,792542,Anzahl,DESTATIS-12411-0005,official population estimate,Germany,registered resident population at year end,Census 2022 basis
2024,2024-12-31,2024,ALT006,6-Jährige,806423,Anzahl,DESTATIS-12411-0005,official population estimate,Germany,registered resident population at year end,Census 2022 basis
2024,2024-12-31,2024,ALT007,7-Jährige,816018,Anzahl,DESTATIS-12411-0005,official population estimate,Germany,registered resident population at year end,Census 2022 basis
2024,2024-12-31,2024,ALT008,8-Jährige,824410,Anzahl,DESTATIS-12411-0005,official population estimate,Germany,registered resident population at year end,Census 2022 basis
2024,2024-12-31,2024,ALT009,9-Jährige,802173,Anzahl,DESTATIS-12411-0005,official population estimate,Germany,registered resident population at year end,Census 2022 basis
2024,2024-12-31,2024,ALT010,10-Jährige,797364,Anzahl,DESTATIS-12411-0005,official population estimate,Germany,registered resident population at year end,Census 2022 basis
2024,2024-12-31,2024,ALT011,11-Jährige,771006,Anzahl,DESTATIS-12411-0005,official population estimate,Germany,registered resident population at year end,Census 2022 basis
2024,2024-12-31,2024,ALT012,12-Jährige,771740,Anzahl,DESTATIS-12411-0005,official population estimate,Germany,registered resident population at year end,Census 2022 basis
2024,2024-12-31,2024,ALT013,13-Jährige,760061,Anzahl,DESTATIS-12411-0005,official population estimate,Germany,registered resident population at year end,Census 2022 basis
2024,2024-12-31,2024,ALT014,14-Jährige,779030,Anzahl,DESTATIS-12411-0005,official population estimate,Germany,registered resident population at year end,Census 2022 basis
2024,2024-12-31,2024,ALT015,15-Jährige,769457,Anzahl,DESTATIS-12411-0005,official population estimate,Germany,registered resident population at year end,Census 2022 basis
2024,2024-12-31,2024,ALT016,16-Jährige,792341,Anzahl,DESTATIS-12411-0005,official population estimate,Germany,registered resident population at year end,Census 2022 basis
2024,2024-12-31,2024,ALT017,17-Jährige,793349,Anzahl,DESTATIS-12411-0005,official population estimate,Germany,registered resident population at year end,Census 2022 basis
2024,2024-12-31,2024,ALT018,18-Jährige,792901,Anzahl,DESTATIS-12411-0005,official population estimate,Germany,registered resident population at year end,Census 2022 basis
2024,2024-12-31,2024,ALT019,19-Jährige,817999,Anzahl,DESTATIS-12411-0005,official population estimate,Germany,registered resident population at year end,Census 2022 basis
2024,2024-12-31,2024,ALT020,20-Jährige,843316,Anzahl,DESTATIS-12411-0005,official population estimate,Germany,registered resident population at year end,Census 2022 basis
2024,2024-12-31,2024,ALT021,21-Jährige,834907,Anzahl,DESTATIS-12411-0005,official population estimate,Germany,registered resident population at year end,Census 2022 basis
2024,2024-12-31,2024,ALT022,22-Jährige,857842,Anzahl,DESTATIS-12411-0005,official population estimate,Germany,registered resident population at year end,Census 2022 basis
2024,2024-12-31,2024,ALT023,23-Jährige,893523,Anzahl,DESTATIS-12411-0005,official population estimate,Germany,registered resident population at year end,Census 2022 basis
2024,2024-12-31,2024,ALT024,24-Jährige,952560,Anzahl,DESTATIS-12411-0005,official population estimate,Germany,registered resident population at year end,Census 2022 basis
2024,2024-12-31,2024,ALT025,25-Jährige,968463,Anzahl,DESTATIS-12411-0005,official population estimate,Germany,registered resident population at year end,Census 2022 basis
2024,2024-12-31,2024,ALT026,26-Jährige,994345,Anzahl,DESTATIS-12411-0005,official population estimate,Germany,registered resident population at year end,Census 2022 basis
2024,2024-12-31,2024,ALT027,27-Jährige,1020294,Anzahl,DESTATIS-12411-0005,official population estimate,Germany,registered resident population at year end,Census 2022 basis
2024,2024-12-31,2024,ALT028,28-Jährige,1001001,Anzahl,DESTATIS-12411-0005,official population estimate,Germany,registered resident population at year end,Census 2022 basis
2024,2024-12-31,2024,ALT029,29-Jährige,980890,Anzahl,DESTATIS-12411-0005,official population estimate,Germany,registered resident population at year end,Census 2022 basis
2024,2024-12-31,2024,ALT030,30-Jährige,988288,Anzahl,DESTATIS-12411-0005,official population estimate,Germany,registered resident population at year end,Census 2022 basis
2024,2024-12-31,2024,ALT031,31-Jährige,1015189,Anzahl,DESTATIS-12411-0005,official population estimate,Germany,registered resident population at year end,Census 2022 basis
2024,2024-12-31,2024,ALT032,32-Jährige,1033390,Anzahl,DESTATIS-12411-0005,official population estimate,Germany,registered resident population at year end,Census 2022 basis
2024,2024-12-31,2024,ALT033,33-Jährige,1060509,Anzahl,DESTATIS-12411-0005,official population estimate,Germany,registered resident population at year end,Census 2022 basis
2024,2024-12-31,2024,ALT034,34-Jährige,1151887,Anzahl,DESTATIS-12411-0005,official population estimate,Germany,registered resident population at year end,Census 2022 basis
2024,2024-12-31,2024,ALT035,35-Jährige,1139320,Anzahl,DESTATIS-12411-0005,official population estimate,Germany,registered resident population at year end,Census 2022 basis
2024,2024-12-31,2024,ALT036,36-Jährige,1165498,Anzahl,DESTATIS-12411-0005,official population estimate,Germany,registered resident population at year end,Census 2022 basis
2024,2024-12-31,2024,ALT037,37-Jährige,1143025,Anzahl,DESTATIS-12411-0005,official population estimate,Germany,registered resident population at year end,Census 2022 basis
2024,2024-12-31,2024,ALT038,38-Jährige,1124922,Anzahl,DESTATIS-12411-0005,official population estimate,Germany,registered resident population at year end,Census 2022 basis
2024,2024-12-31,2024,ALT039,39-Jährige,1092066,Anzahl,DESTATIS-12411-0005,official population estimate,Germany,registered resident population at year end,Census 2022 basis
2024,2024-12-31,2024,ALT040,40-Jährige,1083525,Anzahl,DESTATIS-12411-0005,official population estimate,Germany,registered resident population at year end,Census 2022 basis
2024,2024-12-31,2024,ALT041,41-Jährige,1083458,Anzahl,DESTATIS-12411-0005,official population estimate,Germany,registered resident population at year end,Census 2022 basis
2024,2024-12-31,2024,ALT042,42-Jährige,1099294,Anzahl,DESTATIS-12411-0005,official population estimate,Germany,registered resident population at year end,Census 2022 basis
2024,2024-12-31,2024,ALT043,43-Jährige,1086742,Anzahl,DESTATIS-12411-0005,official population estimate,Germany,registered resident population at year end,Census 2022 basis
2024,2024-12-31,2024,ALT044,44-Jährige,1088001,Anzahl,DESTATIS-12411-0005,official population estimate,Germany,registered resident population at year end,Census 2022 basis
2024,2024-12-31,2024,ALT045,45-Jährige,1032845,Anzahl,DESTATIS-12411-0005,official population estimate,Germany,registered resident population at year end,Census 2022 basis
2024,2024-12-31,2024,ALT046,46-Jährige,1014045,Anzahl,DESTATIS-12411-0005,official population estimate,Germany,registered resident population at year end,Census 2022 basis
2024,2024-12-31,2024,ALT047,47-Jährige,999487,Anzahl,DESTATIS-12411-0005,official population estimate,Germany,registered resident population at year end,Census 2022 basis
2024,2024-12-31,2024,ALT048,48-Jährige,976705,Anzahl,DESTATIS-12411-0005,official population estimate,Germany,registered resident population at year end,Census 2022 basis
2024,2024-12-31,2024,ALT049,49-Jährige,947515,Anzahl,DESTATIS-12411-0005,official population estimate,Germany,registered resident population at year end,Census 2022 basis
2024,2024-12-31,2024,ALT050,50-Jährige,956347,Anzahl,DESTATIS-12411-0005,official population estimate,Germany,registered resident population at year end,Census 2022 basis
2024,2024-12-31,2024,ALT051,51-Jährige,957400,Anzahl,DESTATIS-12411-0005,official population estimate,Germany,registered resident population at year end,Census 2022 basis
2024,2024-12-31,2024,ALT052,52-Jährige,1035320,Anzahl,DESTATIS-12411-0005,official population estimate,Germany,registered resident population at year end,Census 2022 basis
2024,2024-12-31,2024,ALT053,53-Jährige,1138063,Anzahl,DESTATIS-12411-0005,official population estimate,Germany,registered resident population at year end,Census 2022 basis
2024,2024-12-31,2024,ALT054,54-Jährige,1173661,Anzahl,DESTATIS-12411-0005,official population estimate,Germany,registered resident population at year end,Census 2022 basis
2024,2024-12-31,2024,ALT055,55-Jährige,1251796,Anzahl,DESTATIS-12411-0005,official population estimate,Germany,registered resident population at year end,Census 2022 basis
2024,2024-12-31,2024,ALT056,56-Jährige,1301334,Anzahl,DESTATIS-12411-0005,official population estimate,Germany,registered resident population at year end,Census 2022 basis
2024,2024-12-31,2024,ALT057,57-Jährige,1324870,Anzahl,DESTATIS-12411-0005,official population estimate,Germany,registered resident population at year end,Census 2022 basis
2024,2024-12-31,2024,ALT058,58-Jährige,1351436,Anzahl,DESTATIS-12411-0005,official population estimate,Germany,registered resident population at year end,Census 2022 basis
2024,2024-12-31,2024,ALT059,59-Jährige,1344152,Anzahl,DESTATIS-12411-0005,official population estimate,Germany,registered resident population at year end,Census 2022 basis
2024,2024-12-31,2024,ALT060,60-Jährige,1360738,Anzahl,DESTATIS-12411-0005,official population estimate,Germany,registered resident population at year end,Census 2022 basis
2024,2024-12-31,2024,ALT061,61-Jährige,1339742,Anzahl,DESTATIS-12411-0005,official population estimate,Germany,registered resident population at year end,Census 2022 basis
2024,2024-12-31,2024,ALT062,62-Jährige,1294344,Anzahl,DESTATIS-12411-0005,official population estimate,Germany,registered resident population at year end,Census 2022 basis
2024,2024-12-31,2024,ALT063,63-Jährige,1269790,Anzahl,DESTATIS-12411-0005,official population estimate,Germany,registered resident population at year end,Census 2022 basis
2024,2024-12-31,2024,ALT064,64-Jährige,1214279,Anzahl,DESTATIS-12411-0005,official population estimate,Germany,registered resident population at year end,Census 2022 basis
2024,2024-12-31,2024,ALT065,65-Jährige,1169242,Anzahl,DESTATIS-12411-0005,official population estimate,Germany,registered resident population at year end,Census 2022 basis
2024,2024-12-31,2024,ALT066,66-Jährige,1091834,Anzahl,DESTATIS-12411-0005,official population estimate,Germany,registered resident population at year end,Census 2022 basis
2024,2024-12-31,2024,ALT067,67-Jährige,1059429,Anzahl,DESTATIS-12411-0005,official population estimate,Germany,registered resident population at year end,Census 2022 basis
2024,2024-12-31,2024,ALT068,68-Jährige,1024594,Anzahl,DESTATIS-12411-0005,official population estimate,Germany,registered resident population at year end,Census 2022 basis
2024,2024-12-31,2024,ALT069,69-Jährige,979854,Anzahl,DESTATIS-12411-0005,official population estimate,Germany,registered resident population at year end,Census 2022 basis
2024,2024-12-31,2024,ALT070,70-Jährige,949236,Anzahl,DESTATIS-12411-0005,official population estimate,Germany,registered resident population at year end,Census 2022 basis
2024,2024-12-31,2024,ALT071,71-Jährige,904559,Anzahl,DESTATIS-12411-0005,official population estimate,Germany,registered resident population at year end,Census 2022 basis
2024,2024-12-31,2024,ALT072,72-Jährige,890040,Anzahl,DESTATIS-12411-0005,official population estimate,Germany,registered resident population at year end,Census 2022 basis
2024,2024-12-31,2024,ALT073,73-Jährige,859165,Anzahl,DESTATIS-12411-0005,official population estimate,Germany,registered resident population at year end,Census 2022 basis
2024,2024-12-31,2024,ALT074,74-Jährige,842694,Anzahl,DESTATIS-12411-0005,official population estimate,Germany,registered resident population at year end,Census 2022 basis
2024,2024-12-31,2024,ALT075,75-Jährige,797432,Anzahl,DESTATIS-12411-0005,official population estimate,Germany,registered resident population at year end,Census 2022 basis
2024,2024-12-31,2024,ALT076,76-Jährige,711029,Anzahl,DESTATIS-12411-0005,official population estimate,Germany,registered resident population at year end,Census 2022 basis
2024,2024-12-31,2024,ALT077,77-Jährige,651950,Anzahl,DESTATIS-12411-0005,official population estimate,Germany,registered resident population at year end,Census 2022 basis
2024,2024-12-31,2024,ALT078,78-Jährige,550371,Anzahl,DESTATIS-12411-0005,official population estimate,Germany,registered resident population at year end,Census 2022 basis
2024,2024-12-31,2024,ALT079,79-Jährige,468806,Anzahl,DESTATIS-12411-0005,official population estimate,Germany,registered resident population at year end,Census 2022 basis
2024,2024-12-31,2024,ALT080,80-Jährige,607141,Anzahl,DESTATIS-12411-0005,official population estimate,Germany,registered resident population at year end,Census 2022 basis
2024,2024-12-31,2024,ALT081,81-Jährige,593775,Anzahl,DESTATIS-12411-0005,official population estimate,Germany,registered resident population at year end,Census 2022 basis
2024,2024-12-31,2024,ALT082,82-Jährige,553001,Anzahl,DESTATIS-12411-0005,official population estimate,Germany,registered resident population at year end,Census 2022 basis
2024,2024-12-31,2024,ALT083,83-Jährige,641590,Anzahl,DESTATIS-12411-0005,official population estimate,Germany,registered resident population at year end,Census 2022 basis
2024,2024-12-31,2024,ALT084,84-Jährige,633529,Anzahl,DESTATIS-12411-0005,official population estimate,Germany,registered resident population at year end,Census 2022 basis
2024,2024-12-31,2024,ALT085UM,85 Jahre und mehr,3025803,Anzahl,DESTATIS-12411-0005,official population estimate,Germany,registered resident population at year end,Census 2022 basis
2024,2024-12-31,2024,TOTAL,Insgesamt,83577140,Anzahl,DESTATIS-12411-0005,official population estimate,Germany,registered resident population at year end,Census 2022 basis
2025,2025-12-31,2025,ALT000,unter 1 Jahr,649611,Anzahl,DESTATIS-12411-0005,official population estimate,Germany,registered resident population at year end,Census 2022 basis
2025,2025-12-31,2025,ALT001,1-Jährige,682434,Anzahl,DESTATIS-12411-0005,official population estimate,Germany,registered resident population at year end,Census 2022 basis
2025,2025-12-31,2025,ALT002,2-Jährige,702551,Anzahl,DESTATIS-12411-0005,official population estimate,Germany,registered resident population at year end,Census 2022 basis
2025,2025-12-31,2025,ALT003,3-Jährige,744911,Anzahl,DESTATIS-12411-0005,official population estimate,Germany,registered resident population at year end,Census 2022 basis
2025,2025-12-31,2025,ALT004,4-Jährige,797854,Anzahl,DESTATIS-12411-0005,official population estimate,Germany,registered resident population at year end,Census 2022 basis
2025,2025-12-31,2025,ALT005,5-Jährige,783748,Anzahl,DESTATIS-12411-0005,official population estimate,Germany,registered resident population at year end,Census 2022 basis
2025,2025-12-31,2025,ALT006,6-Jährige,791795,Anzahl,DESTATIS-12411-0005,official population estimate,Germany,registered resident population at year end,Census 2022 basis
2025,2025-12-31,2025,ALT007,7-Jährige,807105,Anzahl,DESTATIS-12411-0005,official population estimate,Germany,registered resident population at year end,Census 2022 basis
2025,2025-12-31,2025,ALT008,8-Jährige,818225,Anzahl,DESTATIS-12411-0005,official population estimate,Germany,registered resident population at year end,Census 2022 basis
2025,2025-12-31,2025,ALT009,9-Jährige,826724,Anzahl,DESTATIS-12411-0005,official population estimate,Germany,registered resident population at year end,Census 2022 basis
2025,2025-12-31,2025,ALT010,10-Jährige,804655,Anzahl,DESTATIS-12411-0005,official population estimate,Germany,registered resident population at year end,Census 2022 basis
2025,2025-12-31,2025,ALT011,11-Jährige,800062,Anzahl,DESTATIS-12411-0005,official population estimate,Germany,registered resident population at year end,Census 2022 basis
2025,2025-12-31,2025,ALT012,12-Jährige,773314,Anzahl,DESTATIS-12411-0005,official population estimate,Germany,registered resident population at year end,Census 2022 basis
2025,2025-12-31,2025,ALT013,13-Jährige,774393,Anzahl,DESTATIS-12411-0005,official population estimate,Germany,registered resident population at year end,Census 2022 basis
2025,2025-12-31,2025,ALT014,14-Jährige,762549,Anzahl,DESTATIS-12411-0005,official population estimate,Germany,registered resident population at year end,Census 2022 basis
2025,2025-12-31,2025,ALT015,15-Jährige,782334,Anzahl,DESTATIS-12411-0005,official population estimate,Germany,registered resident population at year end,Census 2022 basis
2025,2025-12-31,2025,ALT016,16-Jährige,774465,Anzahl,DESTATIS-12411-0005,official population estimate,Germany,registered resident population at year end,Census 2022 basis
2025,2025-12-31,2025,ALT017,17-Jährige,799234,Anzahl,DESTATIS-12411-0005,official population estimate,Germany,registered resident population at year end,Census 2022 basis
2025,2025-12-31,2025,ALT018,18-Jährige,808653,Anzahl,DESTATIS-12411-0005,official population estimate,Germany,registered resident population at year end,Census 2022 basis
2025,2025-12-31,2025,ALT019,19-Jährige,813437,Anzahl,DESTATIS-12411-0005,official population estimate,Germany,registered resident population at year end,Census 2022 basis
2025,2025-12-31,2025,ALT020,20-Jährige,844523,Anzahl,DESTATIS-12411-0005,official population estimate,Germany,registered resident population at year end,Census 2022 basis
2025,2025-12-31,2025,ALT021,21-Jährige,864551,Anzahl,DESTATIS-12411-0005,official population estimate,Germany,registered resident population at year end,Census 2022 basis
2025,2025-12-31,2025,ALT022,22-Jährige,858757,Anzahl,DESTATIS-12411-0005,official population estimate,Germany,registered resident population at year end,Census 2022 basis
2025,2025-12-31,2025,ALT023,23-Jährige,879012,Anzahl,DESTATIS-12411-0005,official population estimate,Germany,registered resident population at year end,Census 2022 basis
2025,2025-12-31,2025,ALT024,24-Jährige,911151,Anzahl,DESTATIS-12411-0005,official population estimate,Germany,registered resident population at year end,Census 2022 basis
2025,2025-12-31,2025,ALT025,25-Jährige,968856,Anzahl,DESTATIS-12411-0005,official population estimate,Germany,registered resident population at year end,Census 2022 basis
2025,2025-12-31,2025,ALT026,26-Jährige,982339,Anzahl,DESTATIS-12411-0005,official population estimate,Germany,registered resident population at year end,Census 2022 basis
2025,2025-12-31,2025,ALT027,27-Jährige,1005351,Anzahl,DESTATIS-12411-0005,official population estimate,Germany,registered resident population at year end,Census 2022 basis
2025,2025-12-31,2025,ALT028,28-Jährige,1028988,Anzahl,DESTATIS-12411-0005,official population estimate,Germany,registered resident population at year end,Census 2022 basis
2025,2025-12-31,2025,ALT029,29-Jährige,1007685,Anzahl,DESTATIS-12411-0005,official population estimate,Germany,registered resident population at year end,Census 2022 basis
2025,2025-12-31,2025,ALT030,30-Jährige,986142,Anzahl,DESTATIS-12411-0005,official population estimate,Germany,registered resident population at year end,Census 2022 basis
2025,2025-12-31,2025,ALT031,31-Jährige,992504,Anzahl,DESTATIS-12411-0005,official population estimate,Germany,registered resident population at year end,Census 2022 basis
2025,2025-12-31,2025,ALT032,32-Jährige,1018031,Anzahl,DESTATIS-12411-0005,official population estimate,Germany,registered resident population at year end,Census 2022 basis
2025,2025-12-31,2025,ALT033,33-Jährige,1035855,Anzahl,DESTATIS-12411-0005,official population estimate,Germany,registered resident population at year end,Census 2022 basis
2025,2025-12-31,2025,ALT034,34-Jährige,1062533,Anzahl,DESTATIS-12411-0005,official population estimate,Germany,registered resident population at year end,Census 2022 basis
2025,2025-12-31,2025,ALT035,35-Jährige,1153456,Anzahl,DESTATIS-12411-0005,official population estimate,Germany,registered resident population at year end,Census 2022 basis
2025,2025-12-31,2025,ALT036,36-Jährige,1140562,Anzahl,DESTATIS-12411-0005,official population estimate,Germany,registered resident population at year end,Census 2022 basis
2025,2025-12-31,2025,ALT037,37-Jährige,1165979,Anzahl,DESTATIS-12411-0005,official population estimate,Germany,registered resident population at year end,Census 2022 basis
2025,2025-12-31,2025,ALT038,38-Jährige,1143679,Anzahl,DESTATIS-12411-0005,official population estimate,Germany,registered resident population at year end,Census 2022 basis
2025,2025-12-31,2025,ALT039,39-Jährige,1125344,Anzahl,DESTATIS-12411-0005,official population estimate,Germany,registered resident population at year end,Census 2022 basis
2025,2025-12-31,2025,ALT040,40-Jährige,1092064,Anzahl,DESTATIS-12411-0005,official population estimate,Germany,registered resident population at year end,Census 2022 basis
2025,2025-12-31,2025,ALT041,41-Jährige,1083310,Anzahl,DESTATIS-12411-0005,official population estimate,Germany,registered resident population at year end,Census 2022 basis
2025,2025-12-31,2025,ALT042,42-Jährige,1083088,Anzahl,DESTATIS-12411-0005,official population estimate,Germany,registered resident population at year end,Census 2022 basis
2025,2025-12-31,2025,ALT043,43-Jährige,1098875,Anzahl,DESTATIS-12411-0005,official population estimate,Germany,registered resident population at year end,Census 2022 basis
2025,2025-12-31,2025,ALT044,44-Jährige,1085683,Anzahl,DESTATIS-12411-0005,official population estimate,Germany,registered resident population at year end,Census 2022 basis
2025,2025-12-31,2025,ALT045,45-Jährige,1086087,Anzahl,DESTATIS-12411-0005,official population estimate,Germany,registered resident population at year end,Census 2022 basis
2025,2025-12-31,2025,ALT046,46-Jährige,1030966,Anzahl,DESTATIS-12411-0005,official population estimate,Germany,registered resident population at year end,Census 2022 basis
2025,2025-12-31,2025,ALT047,47-Jährige,1011791,Anzahl,DESTATIS-12411-0005,official population estimate,Germany,registered resident population at year end,Census 2022 basis
2025,2025-12-31,2025,ALT048,48-Jährige,996708,Anzahl,DESTATIS-12411-0005,official population estimate,Germany,registered resident population at year end,Census 2022 basis
2025,2025-12-31,2025,ALT049,49-Jährige,973879,Anzahl,DESTATIS-12411-0005,official population estimate,Germany,registered resident population at year end,Census 2022 basis
2025,2025-12-31,2025,ALT050,50-Jährige,944238,Anzahl,DESTATIS-12411-0005,official population estimate,Germany,registered resident population at year end,Census 2022 basis
2025,2025-12-31,2025,ALT051,51-Jährige,952873,Anzahl,DESTATIS-12411-0005,official population estimate,Germany,registered resident population at year end,Census 2022 basis
2025,2025-12-31,2025,ALT052,52-Jährige,953434,Anzahl,DESTATIS-12411-0005,official population estimate,Germany,registered resident population at year end,Census 2022 basis
2025,2025-12-31,2025,ALT053,53-Jährige,1030937,Anzahl,DESTATIS-12411-0005,official population estimate,Germany,registered resident population at year end,Census 2022 basis
2025,2025-12-31,2025,ALT054,54-Jährige,1132865,Anzahl,DESTATIS-12411-0005,official population estimate,Germany,registered resident population at year end,Census 2022 basis
2025,2025-12-31,2025,ALT055,55-Jährige,1168148,Anzahl,DESTATIS-12411-0005,official population estimate,Germany,registered resident population at year end,Census 2022 basis
2025,2025-12-31,2025,ALT056,56-Jährige,1244951,Anzahl,DESTATIS-12411-0005,official population estimate,Germany,registered resident population at year end,Census 2022 basis
2025,2025-12-31,2025,ALT057,57-Jährige,1293996,Anzahl,DESTATIS-12411-0005,official population estimate,Germany,registered resident population at year end,Census 2022 basis
2025,2025-12-31,2025,ALT058,58-Jährige,1316493,Anzahl,DESTATIS-12411-0005,official population estimate,Germany,registered resident population at year end,Census 2022 basis
2025,2025-12-31,2025,ALT059,59-Jährige,1342579,Anzahl,DESTATIS-12411-0005,official population estimate,Germany,registered resident population at year end,Census 2022 basis
2025,2025-12-31,2025,ALT060,60-Jährige,1334771,Anzahl,DESTATIS-12411-0005,official population estimate,Germany,registered resident population at year end,Census 2022 basis
2025,2025-12-31,2025,ALT061,61-Jährige,1350237,Anzahl,DESTATIS-12411-0005,official population estimate,Germany,registered resident population at year end,Census 2022 basis
2025,2025-12-31,2025,ALT062,62-Jährige,1328080,Anzahl,DESTATIS-12411-0005,official population estimate,Germany,registered resident population at year end,Census 2022 basis
2025,2025-12-31,2025,ALT063,63-Jährige,1282006,Anzahl,DESTATIS-12411-0005,official population estimate,Germany,registered resident population at year end,Census 2022 basis
2025,2025-12-31,2025,ALT064,64-Jährige,1256323,Anzahl,DESTATIS-12411-0005,official population estimate,Germany,registered resident population at year end,Census 2022 basis
2025,2025-12-31,2025,ALT065,65-Jährige,1199844,Anzahl,DESTATIS-12411-0005,official population estimate,Germany,registered resident population at year end,Census 2022 basis
2025,2025-12-31,2025,ALT066,66-Jährige,1153724,Anzahl,DESTATIS-12411-0005,official population estimate,Germany,registered resident population at year end,Census 2022 basis
2025,2025-12-31,2025,ALT067,67-Jährige,1076505,Anzahl,DESTATIS-12411-0005,official population estimate,Germany,registered resident population at year end,Census 2022 basis
2025,2025-12-31,2025,ALT068,68-Jährige,1043752,Anzahl,DESTATIS-12411-0005,official population estimate,Germany,registered resident population at year end,Census 2022 basis
2025,2025-12-31,2025,ALT069,69-Jährige,1008120,Anzahl,DESTATIS-12411-0005,official population estimate,Germany,registered resident population at year end,Census 2022 basis
2025,2025-12-31,2025,ALT070,70-Jährige,963043,Anzahl,DESTATIS-12411-0005,official population estimate,Germany,registered resident population at year end,Census 2022 basis
2025,2025-12-31,2025,ALT071,71-Jährige,931514,Anzahl,DESTATIS-12411-0005,official population estimate,Germany,registered resident population at year end,Census 2022 basis
2025,2025-12-31,2025,ALT072,72-Jährige,886215,Anzahl,DESTATIS-12411-0005,official population estimate,Germany,registered resident population at year end,Census 2022 basis
2025,2025-12-31,2025,ALT073,73-Jährige,870896,Anzahl,DESTATIS-12411-0005,official population estimate,Germany,registered resident population at year end,Census 2022 basis
2025,2025-12-31,2025,ALT074,74-Jährige,839008,Anzahl,DESTATIS-12411-0005,official population estimate,Germany,registered resident population at year end,Census 2022 basis
2025,2025-12-31,2025,ALT075,75-Jährige,821222,Anzahl,DESTATIS-12411-0005,official population estimate,Germany,registered resident population at year end,Census 2022 basis
2025,2025-12-31,2025,ALT076,76-Jährige,774930,Anzahl,DESTATIS-12411-0005,official population estimate,Germany,registered resident population at year end,Census 2022 basis
2025,2025-12-31,2025,ALT077,77-Jährige,688795,Anzahl,DESTATIS-12411-0005,official population estimate,Germany,registered resident population at year end,Census 2022 basis
2025,2025-12-31,2025,ALT078,78-Jährige,629298,Anzahl,DESTATIS-12411-0005,official population estimate,Germany,registered resident population at year end,Census 2022 basis
2025,2025-12-31,2025,ALT079,79-Jährige,529104,Anzahl,DESTATIS-12411-0005,official population estimate,Germany,registered resident population at year end,Census 2022 basis
2025,2025-12-31,2025,ALT080,80-Jährige,448421,Anzahl,DESTATIS-12411-0005,official population estimate,Germany,registered resident population at year end,Census 2022 basis
2025,2025-12-31,2025,ALT081,81-Jährige,578119,Anzahl,DESTATIS-12411-0005,official population estimate,Germany,registered resident population at year end,Census 2022 basis
2025,2025-12-31,2025,ALT082,82-Jährige,562613,Anzahl,DESTATIS-12411-0005,official population estimate,Germany,registered resident population at year end,Census 2022 basis
2025,2025-12-31,2025,ALT083,83-Jährige,520745,Anzahl,DESTATIS-12411-0005,official population estimate,Germany,registered resident population at year end,Census 2022 basis
2025,2025-12-31,2025,ALT084,84-Jährige,599816,Anzahl,DESTATIS-12411-0005,official population estimate,Germany,registered resident population at year end,Census 2022 basis
2025,2025-12-31,2025,ALT085UM,85 Jahre und mehr,3193699,Anzahl,DESTATIS-12411-0005,official population estimate,Germany,registered resident population at year end,Census 2022 basis
2025,2025-12-31,2025,TOTAL,Insgesamt,83467117,Anzahl,DESTATIS-12411-0005,official population estimate,Germany,registered resident population at year end,Census 2022 basis
